priority,non_priority,dynamic_price,static_price
1,1,0.1,10
1,2,0.18,10
1,3,0.26,10
1,4,0.34,10
1,5,0.42,10
1,6,0.5,10
1,7,0.58,10
1,8,0.66,10
1,9,0.74,10
1,10,0.82,10
1,11,0.9,10
1,12,0.98,10
1,13,1.06,10
1,14,1.14,10
1,15,1.22,10
1,16,1.3,10
1,17,1.38,10
1,18,1.46,10
1,19,1.54,10
1,20,1.62,10
1,21,1.7,10
1,22,1.78,10
1,23,1.86,10
1,24,1.94,10
1,25,2.02,10
1,26,2.1,10
1,27,2.18,10
1,28,2.26,10
1,29,2.34,10
1,30,2.42,10
1,31,2.5,10
1,32,2.58,10
1,33,2.66,10
1,34,2.74,10
1,35,2.82,10
1,36,2.9,10
1,37,2.98,10
1,38,3.06,10
1,39,3.14,10
1,40,3.22,10
1,41,3.3,10
1,42,3.38,10
1,43,3.46,10
1,44,3.54,10
1,45,3.62,10
1,46,3.7,10
1,47,3.78,10
1,48,3.86,10
1,49,3.94,10
1,50,4.02,10
1,51,4.1,10
1,52,4.18,10
1,53,4.26,10
1,54,4.34,10
1,55,4.42,10
1,56,4.5,10
1,57,4.58,10
1,58,4.66,10
1,59,4.74,10
1,60,4.82,10
2,1,0.12,10
2,2,0.2,10
2,3,0.28,10
2,4,0.36,10
2,5,0.44,10
2,6,0.52,10
2,7,0.6,10
2,8,0.68,10
2,9,0.76,10
2,10,0.84,10
2,11,0.92,10
2,12,1,10
2,13,1.08,10
2,14,1.16,10
2,15,1.24,10
2,16,1.32,10
2,17,1.4,10
2,18,1.48,10
2,19,1.56,10
2,20,1.64,10
2,21,1.72,10
2,22,1.8,10
2,23,1.88,10
2,24,1.96,10
2,25,2.04,10
2,26,2.12,10
2,27,2.2,10
2,28,2.28,10
2,29,2.36,10
2,30,2.44,10
2,31,2.52,10
2,32,2.6,10
2,33,2.68,10
2,34,2.76,10
2,35,2.84,10
2,36,2.92,10
2,37,3,10
2,38,3.08,10
2,39,3.16,10
2,40,3.24,10
2,41,3.32,10
2,42,3.4,10
2,43,3.48,10
2,44,3.56,10
2,45,3.64,10
2,46,3.72,10
2,47,3.8,10
2,48,3.88,10
2,49,3.96,10
2,50,4.04,10
2,51,4.12,10
2,52,4.2,10
2,53,4.28,10
2,54,4.36,10
2,55,4.44,10
2,56,4.52,10
2,57,4.6,10
2,58,4.68,10
2,59,4.76,10
2,60,4.84,10
3,1,0.14,10
3,2,0.22,10
3,3,0.3,10
3,4,0.38,10
3,5,0.46,10
3,6,0.54,10
3,7,0.62,10
3,8,0.7,10
3,9,0.78,10
3,10,0.86,10
3,11,0.94,10
3,12,1.02,10
3,13,1.1,10
3,14,1.18,10
3,15,1.26,10
3,16,1.34,10
3,17,1.42,10
3,18,1.5,10
3,19,1.58,10
3,20,1.66,10
3,21,1.74,10
3,22,1.82,10
3,23,1.9,10
3,24,1.98,10
3,25,2.06,10
3,26,2.14,10
3,27,2.22,10
3,28,2.3,10
3,29,2.38,10
3,30,2.46,10
3,31,2.54,10
3,32,2.62,10
3,33,2.7,10
3,34,2.78,10
3,35,2.86,10
3,36,2.94,10
3,37,3.02,10
3,38,3.1,10
3,39,3.18,10
3,40,3.26,10
3,41,3.34,10
3,42,3.42,10
3,43,3.5,10
3,44,3.58,10
3,45,3.66,10
3,46,3.74,10
3,47,3.82,10
3,48,3.9,10
3,49,3.98,10
3,50,4.06,10
3,51,4.14,10
3,52,4.22,10
3,53,4.3,10
3,54,4.38,10
3,55,4.46,10
3,56,4.54,10
3,57,4.62,10
3,58,4.7,10
3,59,4.78,10
3,60,4.86,10
4,1,0.16,10
4,2,0.24,10
4,3,0.32,10
4,4,0.4,10
4,5,0.48,10
4,6,0.56,10
4,7,0.64,10
4,8,0.72,10
4,9,0.8,10
4,10,0.88,10
4,11,0.96,10
4,12,1.04,10
4,13,1.12,10
4,14,1.2,10
4,15,1.28,10
4,16,1.36,10
4,17,1.44,10
4,18,1.52,10
4,19,1.6,10
4,20,1.68,10
4,21,1.76,10
4,22,1.84,10
4,23,1.92,10
4,24,2,10
4,25,2.08,10
4,26,2.16,10
4,27,2.24,10
4,28,2.32,10
4,29,2.4,10
4,30,2.48,10
4,31,2.56,10
4,32,2.64,10
4,33,2.72,10
4,34,2.8,10
4,35,2.88,10
4,36,2.96,10
4,37,3.04,10
4,38,3.12,10
4,39,3.2,10
4,40,3.28,10
4,41,3.36,10
4,42,3.44,10
4,43,3.52,10
4,44,3.6,10
4,45,3.68,10
4,46,3.76,10
4,47,3.84,10
4,48,3.92,10
4,49,4,10
4,50,4.08,10
4,51,4.16,10
4,52,4.24,10
4,53,4.32,10
4,54,4.4,10
4,55,4.48,10
4,56,4.56,10
4,57,4.64,10
4,58,4.72,10
4,59,4.8,10
4,60,4.88,10
5,1,0.18,10
5,2,0.26,10
5,3,0.34,10
5,4,0.42,10
5,5,0.5,10
5,6,0.58,10
5,7,0.66,10
5,8,0.74,10
5,9,0.82,10
5,10,0.9,10
5,11,0.98,10
5,12,1.06,10
5,13,1.14,10
5,14,1.22,10
5,15,1.3,10
5,16,1.38,10
5,17,1.46,10
5,18,1.54,10
5,19,1.62,10
5,20,1.7,10
5,21,1.78,10
5,22,1.86,10
5,23,1.94,10
5,24,2.02,10
5,25,2.1,10
5,26,2.18,10
5,27,2.26,10
5,28,2.34,10
5,29,2.42,10
5,30,2.5,10
5,31,2.58,10
5,32,2.66,10
5,33,2.74,10
5,34,2.82,10
5,35,2.9,10
5,36,2.98,10
5,37,3.06,10
5,38,3.14,10
5,39,3.22,10
5,40,3.3,10
5,41,3.38,10
5,42,3.46,10
5,43,3.54,10
5,44,3.62,10
5,45,3.7,10
5,46,3.78,10
5,47,3.86,10
5,48,3.94,10
5,49,4.02,10
5,50,4.1,10
5,51,4.18,10
5,52,4.26,10
5,53,4.34,10
5,54,4.42,10
5,55,4.5,10
5,56,4.58,10
5,57,4.66,10
5,58,4.74,10
5,59,4.82,10
5,60,4.9,10
6,1,0.2,10
6,2,0.28,10
6,3,0.36,10
6,4,0.44,10
6,5,0.52,10
6,6,0.6,10
6,7,0.68,10
6,8,0.76,10
6,9,0.84,10
6,10,0.92,10
6,11,1,10
6,12,1.08,10
6,13,1.16,10
6,14,1.24,10
6,15,1.32,10
6,16,1.4,10
6,17,1.48,10
6,18,1.56,10
6,19,1.64,10
6,20,1.72,10
6,21,1.8,10
6,22,1.88,10
6,23,1.96,10
6,24,2.04,10
6,25,2.12,10
6,26,2.2,10
6,27,2.28,10
6,28,2.36,10
6,29,2.44,10
6,30,2.52,10
6,31,2.6,10
6,32,2.68,10
6,33,2.76,10
6,34,2.84,10
6,35,2.92,10
6,36,3,10
6,37,3.08,10
6,38,3.16,10
6,39,3.24,10
6,40,3.32,10
6,41,3.4,10
6,42,3.48,10
6,43,3.56,10
6,44,3.64,10
6,45,3.72,10
6,46,3.8,10
6,47,3.88,10
6,48,3.96,10
6,49,4.04,10
6,50,4.12,10
6,51,4.2,10
6,52,4.28,10
6,53,4.36,10
6,54,4.44,10
6,55,4.52,10
6,56,4.6,10
6,57,4.68,10
6,58,4.76,10
6,59,4.84,10
6,60,4.92,10
7,1,0.22,10
7,2,0.3,10
7,3,0.38,10
7,4,0.46,10
7,5,0.54,10
7,6,0.62,10
7,7,0.7,10
7,8,0.78,10
7,9,0.86,10
7,10,0.94,10
7,11,1.02,10
7,12,1.1,10
7,13,1.18,10
7,14,1.26,10
7,15,1.34,10
7,16,1.42,10
7,17,1.5,10
7,18,1.58,10
7,19,1.66,10
7,20,1.74,10
7,21,1.82,10
7,22,1.9,10
7,23,1.98,10
7,24,2.06,10
7,25,2.14,10
7,26,2.22,10
7,27,2.3,10
7,28,2.38,10
7,29,2.46,10
7,30,2.54,10
7,31,2.62,10
7,32,2.7,10
7,33,2.78,10
7,34,2.86,10
7,35,2.94,10
7,36,3.02,10
7,37,3.1,10
7,38,3.18,10
7,39,3.26,10
7,40,3.34,10
7,41,3.42,10
7,42,3.5,10
7,43,3.58,10
7,44,3.66,10
7,45,3.74,10
7,46,3.82,10
7,47,3.9,10
7,48,3.98,10
7,49,4.06,10
7,50,4.14,10
7,51,4.22,10
7,52,4.3,10
7,53,4.38,10
7,54,4.46,10
7,55,4.54,10
7,56,4.62,10
7,57,4.7,10
7,58,4.78,10
7,59,4.86,10
7,60,4.94,10
8,1,0.24,10
8,2,0.32,10
8,3,0.4,10
8,4,0.48,10
8,5,0.56,10
8,6,0.64,10
8,7,0.72,10
8,8,0.8,10
8,9,0.88,10
8,10,0.96,10
8,11,1.04,10
8,12,1.12,10
8,13,1.2,10
8,14,1.28,10
8,15,1.36,10
8,16,1.44,10
8,17,1.52,10
8,18,1.6,10
8,19,1.68,10
8,20,1.76,10
8,21,1.84,10
8,22,1.92,10
8,23,2,10
8,24,2.08,10
8,25,2.16,10
8,26,2.24,10
8,27,2.32,10
8,28,2.4,10
8,29,2.48,10
8,30,2.56,10
8,31,2.64,10
8,32,2.72,10
8,33,2.8,10
8,34,2.88,10
8,35,2.96,10
8,36,3.04,10
8,37,3.12,10
8,38,3.2,10
8,39,3.28,10
8,40,3.36,10
8,41,3.44,10
8,42,3.52,10
8,43,3.6,10
8,44,3.68,10
8,45,3.76,10
8,46,3.84,10
8,47,3.92,10
8,48,4,10
8,49,4.08,10
8,50,4.16,10
8,51,4.24,10
8,52,4.32,10
8,53,4.4,10
8,54,4.48,10
8,55,4.56,10
8,56,4.64,10
8,57,4.72,10
8,58,4.8,10
8,59,4.88,10
8,60,4.96,10
9,1,0.26,10
9,2,0.34,10
9,3,0.42,10
9,4,0.5,10
9,5,0.58,10
9,6,0.66,10
9,7,0.74,10
9,8,0.82,10
9,9,0.9,10
9,10,0.98,10
9,11,1.06,10
9,12,1.14,10
9,13,1.22,10
9,14,1.3,10
9,15,1.38,10
9,16,1.46,10
9,17,1.54,10
9,18,1.62,10
9,19,1.7,10
9,20,1.78,10
9,21,1.86,10
9,22,1.94,10
9,23,2.02,10
9,24,2.1,10
9,25,2.18,10
9,26,2.26,10
9,27,2.34,10
9,28,2.42,10
9,29,2.5,10
9,30,2.58,10
9,31,2.66,10
9,32,2.74,10
9,33,2.82,10
9,34,2.9,10
9,35,2.98,10
9,36,3.06,10
9,37,3.14,10
9,38,3.22,10
9,39,3.3,10
9,40,3.38,10
9,41,3.46,10
9,42,3.54,10
9,43,3.62,10
9,44,3.7,10
9,45,3.78,10
9,46,3.86,10
9,47,3.94,10
9,48,4.02,10
9,49,4.1,10
9,50,4.18,10
9,51,4.26,10
9,52,4.34,10
9,53,4.42,10
9,54,4.5,10
9,55,4.58,10
9,56,4.66,10
9,57,4.74,10
9,58,4.82,10
9,59,4.9,10
9,60,4.98,10
10,1,0.28,10
10,2,0.36,10
10,3,0.44,10
10,4,0.52,10
10,5,0.6,10
10,6,0.68,10
10,7,0.76,10
10,8,0.84,10
10,9,0.92,10
10,10,1,10
10,11,1.08,10
10,12,1.16,10
10,13,1.24,10
10,14,1.32,10
10,15,1.4,10
10,16,1.48,10
10,17,1.56,10
10,18,1.64,10
10,19,1.72,10
10,20,1.8,10
10,21,1.88,10
10,22,1.96,10
10,23,2.04,10
10,24,2.12,10
10,25,2.2,10
10,26,2.28,10
10,27,2.36,10
10,28,2.44,10
10,29,2.52,10
10,30,2.6,10
10,31,2.68,10
10,32,2.76,10
10,33,2.84,10
10,34,2.92,10
10,35,3,10
10,36,3.08,10
10,37,3.16,10
10,38,3.24,10
10,39,3.32,10
10,40,3.4,10
10,41,3.48,10
10,42,3.56,10
10,43,3.64,10
10,44,3.72,10
10,45,3.8,10
10,46,3.88,10
10,47,3.96,10
10,48,4.04,10
10,49,4.12,10
10,50,4.2,10
10,51,4.28,10
10,52,4.36,10
10,53,4.44,10
10,54,4.52,10
10,55,4.6,10
10,56,4.68,10
10,57,4.76,10
10,58,4.84,10
10,59,4.92,10
10,60,5,10
11,1,0.3,10
11,2,0.38,10
11,3,0.46,10
11,4,0.54,10
11,5,0.62,10
11,6,0.7,10
11,7,0.78,10
11,8,0.86,10
11,9,0.94,10
11,10,1.02,10
11,11,1.1,10
11,12,1.18,10
11,13,1.26,10
11,14,1.34,10
11,15,1.42,10
11,16,1.5,10
11,17,1.58,10
11,18,1.66,10
11,19,1.74,10
11,20,1.82,10
11,21,1.9,10
11,22,1.98,10
11,23,2.06,10
11,24,2.14,10
11,25,2.22,10
11,26,2.3,10
11,27,2.38,10
11,28,2.46,10
11,29,2.54,10
11,30,2.62,10
11,31,2.7,10
11,32,2.78,10
11,33,2.86,10
11,34,2.94,10
11,35,3.02,10
11,36,3.1,10
11,37,3.18,10
11,38,3.26,10
11,39,3.34,10
11,40,3.42,10
11,41,3.5,10
11,42,3.58,10
11,43,3.66,10
11,44,3.74,10
11,45,3.82,10
11,46,3.9,10
11,47,3.98,10
11,48,4.06,10
11,49,4.14,10
11,50,4.22,10
11,51,4.3,10
11,52,4.38,10
11,53,4.46,10
11,54,4.54,10
11,55,4.62,10
11,56,4.7,10
11,57,4.78,10
11,58,4.86,10
11,59,4.94,10
11,60,5.02,10
12,1,0.32,10
12,2,0.4,10
12,3,0.48,10
12,4,0.56,10
12,5,0.64,10
12,6,0.72,10
12,7,0.8,10
12,8,0.88,10
12,9,0.96,10
12,10,1.04,10
12,11,1.12,10
12,12,1.2,10
12,13,1.28,10
12,14,1.36,10
12,15,1.44,10
12,16,1.52,10
12,17,1.6,10
12,18,1.68,10
12,19,1.76,10
12,20,1.84,10
12,21,1.92,10
12,22,2,10
12,23,2.08,10
12,24,2.16,10
12,25,2.24,10
12,26,2.32,10
12,27,2.4,10
12,28,2.48,10
12,29,2.56,10
12,30,2.64,10
12,31,2.72,10
12,32,2.8,10
12,33,2.88,10
12,34,2.96,10
12,35,3.04,10
12,36,3.12,10
12,37,3.2,10
12,38,3.28,10
12,39,3.36,10
12,40,3.44,10
12,41,3.52,10
12,42,3.6,10
12,43,3.68,10
12,44,3.76,10
12,45,3.84,10
12,46,3.92,10
12,47,4,10
12,48,4.08,10
12,49,4.16,10
12,50,4.24,10
12,51,4.32,10
12,52,4.4,10
12,53,4.48,10
12,54,4.56,10
12,55,4.64,10
12,56,4.72,10
12,57,4.8,10
12,58,4.88,10
12,59,4.96,10
12,60,5.04,10
13,1,0.34,10
13,2,0.42,10
13,3,0.5,10
13,4,0.58,10
13,5,0.66,10
13,6,0.74,10
13,7,0.82,10
13,8,0.9,10
13,9,0.98,10
13,10,1.06,10
13,11,1.14,10
13,12,1.22,10
13,13,1.3,10
13,14,1.38,10
13,15,1.46,10
13,16,1.54,10
13,17,1.62,10
13,18,1.7,10
13,19,1.78,10
13,20,1.86,10
13,21,1.94,10
13,22,2.02,10
13,23,2.1,10
13,24,2.18,10
13,25,2.26,10
13,26,2.34,10
13,27,2.42,10
13,28,2.5,10
13,29,2.58,10
13,30,2.66,10
13,31,2.74,10
13,32,2.82,10
13,33,2.9,10
13,34,2.98,10
13,35,3.06,10
13,36,3.14,10
13,37,3.22,10
13,38,3.3,10
13,39,3.38,10
13,40,3.46,10
13,41,3.54,10
13,42,3.62,10
13,43,3.7,10
13,44,3.78,10
13,45,3.86,10
13,46,3.94,10
13,47,4.02,10
13,48,4.1,10
13,49,4.18,10
13,50,4.26,10
13,51,4.34,10
13,52,4.42,10
13,53,4.5,10
13,54,4.58,10
13,55,4.66,10
13,56,4.74,10
13,57,4.82,10
13,58,4.9,10
13,59,4.98,10
13,60,5.06,10
14,1,0.36,10
14,2,0.44,10
14,3,0.52,10
14,4,0.6,10
14,5,0.68,10
14,6,0.76,10
14,7,0.84,10
14,8,0.92,10
14,9,1,10
14,10,1.08,10
14,11,1.16,10
14,12,1.24,10
14,13,1.32,10
14,14,1.4,10
14,15,1.48,10
14,16,1.56,10
14,17,1.64,10
14,18,1.72,10
14,19,1.8,10
14,20,1.88,10
14,21,1.96,10
14,22,2.04,10
14,23,2.12,10
14,24,2.2,10
14,25,2.28,10
14,26,2.36,10
14,27,2.44,10
14,28,2.52,10
14,29,2.6,10
14,30,2.68,10
14,31,2.76,10
14,32,2.84,10
14,33,2.92,10
14,34,3,10
14,35,3.08,10
14,36,3.16,10
14,37,3.24,10
14,38,3.32,10
14,39,3.4,10
14,40,3.48,10
14,41,3.56,10
14,42,3.64,10
14,43,3.72,10
14,44,3.8,10
14,45,3.88,10
14,46,3.96,10
14,47,4.04,10
14,48,4.12,10
14,49,4.2,10
14,50,4.28,10
14,51,4.36,10
14,52,4.44,10
14,53,4.52,10
14,54,4.6,10
14,55,4.68,10
14,56,4.76,10
14,57,4.84,10
14,58,4.92,10
14,59,5,10
14,60,5.08,10
15,1,0.38,10
15,2,0.46,10
15,3,0.54,10
15,4,0.62,10
15,5,0.7,10
15,6,0.78,10
15,7,0.86,10
15,8,0.94,10
15,9,1.02,10
15,10,1.1,10
15,11,1.18,10
15,12,1.26,10
15,13,1.34,10
15,14,1.42,10
15,15,1.5,10
15,16,1.58,10
15,17,1.66,10
15,18,1.74,10
15,19,1.82,10
15,20,1.9,10
15,21,1.98,10
15,22,2.06,10
15,23,2.14,10
15,24,2.22,10
15,25,2.3,10
15,26,2.38,10
15,27,2.46,10
15,28,2.54,10
15,29,2.62,10
15,30,2.7,10
15,31,2.78,10
15,32,2.86,10
15,33,2.94,10
15,34,3.02,10
15,35,3.1,10
15,36,3.18,10
15,37,3.26,10
15,38,3.34,10
15,39,3.42,10
15,40,3.5,10
15,41,3.58,10
15,42,3.66,10
15,43,3.74,10
15,44,3.82,10
15,45,3.9,10
15,46,3.98,10
15,47,4.06,10
15,48,4.14,10
15,49,4.22,10
15,50,4.3,10
15,51,4.38,10
15,52,4.46,10
15,53,4.54,10
15,54,4.62,10
15,55,4.7,10
15,56,4.78,10
15,57,4.86,10
15,58,4.94,10
15,59,5.02,10
15,60,5.1,10
16,1,0.4,10
16,2,0.48,10
16,3,0.56,10
16,4,0.64,10
16,5,0.72,10
16,6,0.8,10
16,7,0.88,10
16,8,0.96,10
16,9,1.04,10
16,10,1.12,10
16,11,1.2,10
16,12,1.28,10
16,13,1.36,10
16,14,1.44,10
16,15,1.52,10
16,16,1.6,10
16,17,1.68,10
16,18,1.76,10
16,19,1.84,10
16,20,1.92,10
16,21,2,10
16,22,2.08,10
16,23,2.16,10
16,24,2.24,10
16,25,2.32,10
16,26,2.4,10
16,27,2.48,10
16,28,2.56,10
16,29,2.64,10
16,30,2.72,10
16,31,2.8,10
16,32,2.88,10
16,33,2.96,10
16,34,3.04,10
16,35,3.12,10
16,36,3.2,10
16,37,3.28,10
16,38,3.36,10
16,39,3.44,10
16,40,3.52,10
16,41,3.6,10
16,42,3.68,10
16,43,3.76,10
16,44,3.84,10
16,45,3.92,10
16,46,4,10
16,47,4.08,10
16,48,4.16,10
16,49,4.24,10
16,50,4.32,10
16,51,4.4,10
16,52,4.48,10
16,53,4.56,10
16,54,4.64,10
16,55,4.72,10
16,56,4.8,10
16,57,4.88,10
16,58,4.96,10
16,59,5.04,10
16,60,5.12,10
17,1,0.42,10
17,2,0.5,10
17,3,0.58,10
17,4,0.66,10
17,5,0.74,10
17,6,0.82,10
17,7,0.9,10
17,8,0.98,10
17,9,1.06,10
17,10,1.14,10
17,11,1.22,10
17,12,1.3,10
17,13,1.38,10
17,14,1.46,10
17,15,1.54,10
17,16,1.62,10
17,17,1.7,10
17,18,1.78,10
17,19,1.86,10
17,20,1.94,10
17,21,2.02,10
17,22,2.1,10
17,23,2.18,10
17,24,2.26,10
17,25,2.34,10
17,26,2.42,10
17,27,2.5,10
17,28,2.58,10
17,29,2.66,10
17,30,2.74,10
17,31,2.82,10
17,32,2.9,10
17,33,2.98,10
17,34,3.06,10
17,35,3.14,10
17,36,3.22,10
17,37,3.3,10
17,38,3.38,10
17,39,3.46,10
17,40,3.54,10
17,41,3.62,10
17,42,3.7,10
17,43,3.78,10
17,44,3.86,10
17,45,3.94,10
17,46,4.02,10
17,47,4.1,10
17,48,4.18,10
17,49,4.26,10
17,50,4.34,10
17,51,4.42,10
17,52,4.5,10
17,53,4.58,10
17,54,4.66,10
17,55,4.74,10
17,56,4.82,10
17,57,4.9,10
17,58,4.98,10
17,59,5.06,10
17,60,5.14,10
18,1,0.44,10
18,2,0.52,10
18,3,0.6,10
18,4,0.68,10
18,5,0.76,10
18,6,0.84,10
18,7,0.92,10
18,8,1,10
18,9,1.08,10
18,10,1.16,10
18,11,1.24,10
18,12,1.32,10
18,13,1.4,10
18,14,1.48,10
18,15,1.56,10
18,16,1.64,10
18,17,1.72,10
18,18,1.8,10
18,19,1.88,10
18,20,1.96,10
18,21,2.04,10
18,22,2.12,10
18,23,2.2,10
18,24,2.28,10
18,25,2.36,10
18,26,2.44,10
18,27,2.52,10
18,28,2.6,10
18,29,2.68,10
18,30,2.76,10
18,31,2.84,10
18,32,2.92,10
18,33,3,10
18,34,3.08,10
18,35,3.16,10
18,36,3.24,10
18,37,3.32,10
18,38,3.4,10
18,39,3.48,10
18,40,3.56,10
18,41,3.64,10
18,42,3.72,10
18,43,3.8,10
18,44,3.88,10
18,45,3.96,10
18,46,4.04,10
18,47,4.12,10
18,48,4.2,10
18,49,4.28,10
18,50,4.36,10
18,51,4.44,10
18,52,4.52,10
18,53,4.6,10
18,54,4.68,10
18,55,4.76,10
18,56,4.84,10
18,57,4.92,10
18,58,5,10
18,59,5.08,10
19,60,5.18,10
19,1,0.46,10
19,2,0.54,10
19,3,0.62,10
19,4,0.7,10
19,5,0.78,10
19,6,0.86,10
19,7,0.94,10
19,8,1.02,10
19,9,1.1,10
19,10,1.18,10
19,11,1.26,10
19,12,1.34,10
19,13,1.42,10
19,14,1.5,10
19,15,1.58,10
19,16,1.66,10
19,17,1.74,10
19,18,1.82,10
19,19,1.9,10
19,20,1.98,10
19,21,2.06,10
19,22,2.14,10
19,23,2.22,10
19,24,2.3,10
19,25,2.38,10
19,26,2.46,10
19,27,2.54,10
19,28,2.62,10
19,29,2.7,10
19,30,2.78,10
19,31,2.86,10
19,32,2.94,10
19,33,3.02,10
19,34,3.1,10
19,35,3.18,10
19,36,3.26,10
19,37,3.34,10
19,38,3.42,10
19,39,3.5,10
19,40,3.58,10
19,41,3.66,10
19,42,3.74,10
19,43,3.82,10
19,44,3.9,10
19,45,3.98,10
19,46,4.06,10
19,47,4.14,10
19,48,4.22,10
19,49,4.3,10
19,50,4.38,10
19,51,4.46,10
19,52,4.54,10
19,53,4.62,10
19,54,4.7,10
19,55,4.78,10
19,56,4.86,10
19,57,4.94,10
19,58,5.02,10
19,59,5.1,10
20,60,5.2,10
20,1,0.48,10
20,2,0.56,10
20,3,0.64,10
20,4,0.72,10
20,5,0.8,10
20,6,0.88,10
20,7,0.96,10
20,8,1.04,10
20,9,1.12,10
20,10,1.2,10
20,11,1.28,10
20,12,1.36,10
20,13,1.44,10
20,14,1.52,10
20,15,1.6,10
20,16,1.68,10
20,17,1.76,10
20,18,1.84,10
20,19,1.92,10
20,20,2,10
20,21,2.08,10
20,22,2.16,10
20,23,2.24,10
20,24,2.32,10
20,25,2.4,10
20,26,2.48,10
20,27,2.56,10
20,28,2.64,10
20,29,2.72,10
20,30,2.8,10
20,31,2.88,10
20,32,2.96,10
20,33,3.04,10
20,34,3.12,10
20,35,3.2,10
20,36,3.28,10
20,37,3.36,10
20,38,3.44,10
20,39,3.52,10
20,40,3.6,10
20,41,3.68,10
20,42,3.76,10
20,43,3.84,10
20,44,3.92,10
20,45,4,10
20,46,4.08,10
20,47,4.16,10
20,48,4.24,10
20,49,4.32,10
20,50,4.4,10
20,51,4.48,10
20,52,4.56,10
20,53,4.64,10
20,54,4.72,10
20,55,4.8,10
20,56,4.88,10
20,57,4.96,10
20,58,5.04,10
20,59,5.12,10
21,60,5.22,10
21,1,0.5,10
21,2,0.58,10
21,3,0.66,10
21,4,0.74,10
21,5,0.82,10
21,6,0.9,10
21,7,0.98,10
21,8,1.06,10
21,9,1.14,10
21,10,1.22,10
21,11,1.3,10
21,12,1.38,10
21,13,1.46,10
21,14,1.54,10
21,15,1.62,10
21,16,1.7,10
21,17,1.78,10
21,18,1.86,10
21,19,1.94,10
21,20,2.02,10
21,21,2.1,10
21,22,2.18,10
21,23,2.26,10
21,24,2.34,10
21,25,2.42,10
21,26,2.5,10
21,27,2.58,10
21,28,2.66,10
21,29,2.74,10
21,30,2.82,10
21,31,2.9,10
21,32,2.98,10
21,33,3.06,10
21,34,3.14,10
21,35,3.22,10
21,36,3.3,10
21,37,3.38,10
21,38,3.46,10
21,39,3.54,10
21,40,3.62,10
21,41,3.7,10
21,42,3.78,10
21,43,3.86,10
21,44,3.94,10
21,45,4.02,10
21,46,4.1,10
21,47,4.18,10
21,48,4.26,10
21,49,4.34,10
21,50,4.42,10
21,51,4.5,10
21,52,4.58,10
21,53,4.66,10
21,54,4.74,10
21,55,4.82,10
21,56,4.9,10
21,57,4.98,10
21,58,5.06,10
21,59,5.14,10
22,1,0.52,10
22,2,0.6,10
22,3,0.68,10
22,4,0.76,10
22,5,0.84,10
22,6,0.92,10
22,7,1,10
22,8,1.08,10
22,9,1.16,10
22,10,1.24,10
22,11,1.32,10
22,12,1.4,10
22,13,1.48,10
22,14,1.56,10
22,15,1.64,10
22,16,1.72,10
22,17,1.8,10
22,18,1.88,10
22,19,1.96,10
22,20,2.04,10
22,21,2.12,10
22,22,2.2,10
22,23,2.28,10
22,24,2.36,10
22,25,2.44,10
22,26,2.52,10
22,27,2.6,10
22,28,2.68,10
22,29,2.76,10
22,30,2.84,10
22,31,2.92,10
22,32,3,10
22,33,3.08,10
22,34,3.16,10
22,35,3.24,10
22,36,3.32,10
22,37,3.4,10
22,38,3.48,10
22,39,3.56,10
22,40,3.64,10
22,41,3.72,10
22,42,3.8,10
22,43,3.88,10
22,44,3.96,10
22,45,4.04,10
22,46,4.12,10
22,47,4.2,10
22,48,4.28,10
22,49,4.36,10
22,50,4.44,10
22,51,4.52,10
22,52,4.6,10
22,53,4.68,10
22,54,4.76,10
22,55,4.84,10
22,56,4.92,10
22,57,5,10
22,58,5.08,10
22,59,5.16,10
22,60,5.24,10
23,1,0.54,10
23,2,0.62,10
23,3,0.7,10
23,4,0.78,10
23,5,0.86,10
23,6,0.94,10
23,7,1.02,10
23,8,1.1,10
23,9,1.18,10
23,10,1.26,10
23,11,1.34,10
23,12,1.42,10
23,13,1.5,10
23,14,1.58,10
23,15,1.66,10
23,16,1.74,10
23,17,1.82,10
23,18,1.9,10
23,19,1.98,10
23,20,2.06,10
23,21,2.14,10
23,22,2.22,10
23,23,2.3,10
23,24,2.38,10
23,25,2.46,10
23,26,2.54,10
23,27,2.62,10
23,28,2.7,10
23,29,2.78,10
23,30,2.86,10
23,31,2.94,10
23,32,3.02,10
23,33,3.1,10
23,34,3.18,10
23,35,3.26,10
23,36,3.34,10
23,37,3.42,10
23,38,3.5,10
23,39,3.58,10
23,40,3.66,10
23,41,3.74,10
23,42,3.82,10
23,43,3.9,10
23,44,3.98,10
23,45,4.06,10
23,46,4.14,10
23,47,4.22,10
23,48,4.3,10
23,49,4.38,10
23,50,4.46,10
23,51,4.54,10
23,52,4.62,10
23,53,4.7,10
23,54,4.78,10
23,55,4.86,10
23,56,4.94,10
23,57,5.02,10
23,58,5.1,10
23,59,5.18,10
23,60,5.26,10
24,1,0.56,10
24,2,0.64,10
24,3,0.72,10
24,4,0.8,10
24,5,0.88,10
24,6,0.96,10
24,7,1.04,10
24,8,1.12,10
24,9,1.2,10
24,10,1.28,10
24,11,1.36,10
24,12,1.44,10
24,13,1.52,10
24,14,1.6,10
24,15,1.68,10
24,16,1.76,10
24,17,1.84,10
24,18,1.92,10
24,19,2,10
24,20,2.08,10
24,21,2.16,10
24,22,2.24,10
24,23,2.32,10
24,24,2.4,10
24,25,2.48,10
24,26,2.56,10
24,27,2.64,10
24,28,2.72,10
24,29,2.8,10
24,30,2.88,10
24,31,2.96,10
24,32,3.04,10
24,33,3.12,10
24,34,3.2,10
24,35,3.28,10
24,36,3.36,10
24,37,3.44,10
24,38,3.52,10
24,39,3.6,10
24,40,3.68,10
24,41,3.76,10
24,42,3.84,10
24,43,3.92,10
24,44,4,10
24,45,4.08,10
24,46,4.16,10
24,47,4.24,10
24,48,4.32,10
24,49,4.4,10
24,50,4.48,10
24,51,4.56,10
24,52,4.64,10
24,53,4.72,10
24,54,4.8,10
24,55,4.88,10
24,56,4.96,10
24,57,5.04,10
24,58,5.12,10
24,59,5.2,10
25,60,5.3,10
25,1,0.58,10
25,2,0.66,10
25,3,0.74,10
25,4,0.82,10
25,5,0.9,10
25,6,0.98,10
25,7,1.06,10
25,8,1.14,10
25,9,1.22,10
25,10,1.3,10
25,11,1.38,10
25,12,1.46,10
25,13,1.54,10
25,14,1.62,10
25,15,1.7,10
25,16,1.78,10
25,17,1.86,10
25,18,1.94,10
25,19,2.02,10
25,20,2.1,10
25,21,2.18,10
25,22,2.26,10
25,23,2.34,10
25,24,2.42,10
25,25,2.5,10
25,26,2.58,10
25,27,2.66,10
25,28,2.74,10
25,29,2.82,10
25,30,2.9,10
25,31,2.98,10
25,32,3.06,10
25,33,3.14,10
25,34,3.22,10
25,35,3.3,10
25,36,3.38,10
25,37,3.46,10
25,38,3.54,10
25,39,3.62,10
25,40,3.7,10
25,41,3.78,10
25,42,3.86,10
25,43,3.94,10
25,44,4.02,10
25,45,4.1,10
25,46,4.18,10
25,47,4.26,10
25,48,4.34,10
25,49,4.42,10
25,50,4.5,10
25,51,4.58,10
25,52,4.66,10
25,53,4.74,10
25,54,4.82,10
25,55,4.9,10
25,56,4.98,10
25,57,5.06,10
25,58,5.14,10
25,59,5.22,10
25,60,5.3,10
26,1,0.6,10
26,2,0.68,10
26,3,0.76,10
26,4,0.84,10
26,5,0.92,10
26,6,1,10
26,7,1.08,10
26,8,1.16,10
26,9,1.24,10
26,10,1.32,10
26,11,1.4,10
26,12,1.48,10
26,13,1.56,10
26,14,1.64,10
26,15,1.72,10
26,16,1.8,10
26,17,1.88,10
26,18,1.96,10
26,19,2.04,10
26,20,2.12,10
26,21,2.2,10
26,22,2.28,10
26,23,2.36,10
26,24,2.44,10
26,25,2.52,10
26,26,2.6,10
26,27,2.68,10
26,28,2.76,10
26,29,2.84,10
26,30,2.92,10
26,31,3,10
26,32,3.08,10
26,33,3.16,10
26,34,3.24,10
26,35,3.32,10
26,36,3.4,10
26,37,3.48,10
26,38,3.56,10
26,39,3.64,10
26,40,3.72,10
26,41,3.8,10
26,42,3.88,10
26,43,3.96,10
26,44,4.04,10
26,45,4.12,10
26,46,4.2,10
26,47,4.28,10
26,48,4.36,10
26,49,4.44,10
26,50,4.52,10
26,51,4.6,10
26,52,4.68,10
26,53,4.76,10
26,54,4.84,10
26,55,4.92,10
26,56,5,10
26,57,5.08,10
26,58,5.16,10
26,59,5.24,10
26,60,5.32,10
27,1,0.62,10
27,2,0.7,10
27,3,0.78,10
27,4,0.86,10
27,5,0.94,10
27,6,1.02,10
27,7,1.1,10
27,8,1.18,10
27,9,1.26,10
27,10,1.34,10
27,11,1.42,10
27,12,1.5,10
27,13,1.58,10
27,14,1.66,10
27,15,1.74,10
27,16,1.82,10
27,17,1.9,10
27,18,1.98,10
27,19,2.06,10
27,20,2.14,10
27,21,2.22,10
27,22,2.3,10
27,23,2.38,10
27,24,2.46,10
27,25,2.54,10
27,26,2.62,10
27,27,2.7,10
27,28,2.78,10
27,29,2.86,10
27,30,2.94,10
27,31,3.02,10
27,32,3.1,10
27,33,3.18,10
27,34,3.26,10
27,35,3.34,10
27,36,3.42,10
27,37,3.5,10
27,38,3.58,10
27,39,3.66,10
27,40,3.74,10
27,41,3.82,10
27,42,3.9,10
27,43,3.98,10
27,44,4.06,10
27,45,4.14,10
27,46,4.22,10
27,47,4.3,10
27,48,4.38,10
27,49,4.46,10
27,50,4.54,10
27,51,4.62,10
27,52,4.7,10
27,53,4.78,10
27,54,4.86,10
27,55,4.94,10
27,56,5.02,10
27,57,5.1,10
27,58,5.18,10
27,59,5.26,10
27,60,5.34,10
28,1,0.64,10
28,2,0.72,10
28,3,0.8,10
28,4,0.88,10
28,5,0.96,10
28,6,1.04,10
28,7,1.12,10
28,8,1.2,10
28,9,1.28,10
28,10,1.36,10
28,11,1.44,10
28,12,1.52,10
28,13,1.6,10
28,14,1.68,10
28,15,1.76,10
28,16,1.84,10
28,17,1.92,10
28,18,2,10
28,19,2.08,10
28,20,2.16,10
28,21,2.24,10
28,22,2.32,10
28,23,2.4,10
28,24,2.48,10
28,25,2.56,10
28,26,2.64,10
28,27,2.72,10
28,28,2.8,10
28,29,2.88,10
28,30,2.96,10
28,31,3.04,10
28,32,3.12,10
28,33,3.2,10
28,34,3.28,10
28,35,3.36,10
28,36,3.44,10
28,37,3.52,10
28,38,3.6,10
28,39,3.68,10
28,40,3.76,10
28,41,3.84,10
28,42,3.92,10
28,43,4,10
28,44,4.08,10
28,45,4.16,10
28,46,4.24,10
28,47,4.32,10
28,48,4.4,10
28,49,4.48,10
28,50,4.56,10
28,51,4.64,10
28,52,4.72,10
28,53,4.8,10
28,54,4.88,10
28,55,4.96,10
28,56,5.04,10
28,57,5.12,10
28,58,5.2,10
28,59,5.28,10
28,60,5.36,10
29,1,0.66,10
29,2,0.74,10
29,3,0.82,10
29,4,0.9,10
29,5,0.98,10
29,6,1.06,10
29,7,1.14,10
29,8,1.22,10
29,9,1.3,10
29,10,1.38,10
29,11,1.46,10
29,12,1.54,10
29,13,1.62,10
29,14,1.7,10
29,15,1.78,10
29,16,1.86,10
29,17,1.94,10
29,18,2.02,10
29,19,2.1,10
29,20,2.18,10
29,21,2.26,10
29,22,2.34,10
29,23,2.42,10
29,24,2.5,10
29,25,2.58,10
29,26,2.66,10
29,27,2.74,10
29,28,2.82,10
29,29,2.9,10
29,30,2.98,10
29,31,3.06,10
29,32,3.14,10
29,33,3.22,10
29,34,3.3,10
29,35,3.38,10
29,36,3.46,10
29,37,3.54,10
29,38,3.62,10
29,39,3.7,10
29,40,3.78,10
29,41,3.86,10
29,42,3.94,10
29,43,4.02,10
29,44,4.1,10
29,45,4.18,10
29,46,4.26,10
29,47,4.34,10
29,48,4.42,10
29,49,4.5,10
29,50,4.58,10
29,51,4.66,10
29,52,4.74,10
29,53,4.82,10
29,54,4.9,10
29,55,4.98,10
29,56,5.06,10
29,57,5.14,10
29,58,5.22,10
29,59,5.3,10
29,60,5.38,10
30,1,0.68,10
30,2,0.76,10
30,3,0.84,10
30,4,0.92,10
30,5,1,10
30,6,1.08,10
30,7,1.16,10
30,8,1.24,10
30,9,1.32,10
30,10,1.4,10
30,11,1.48,10
30,12,1.56,10
30,13,1.64,10
30,14,1.72,10
30,15,1.8,10
30,16,1.88,10
30,17,1.96,10
30,18,2.04,10
30,19,2.12,10
30,20,2.2,10
30,21,2.28,10
30,22,2.36,10
30,23,2.44,10
30,24,2.52,10
30,25,2.6,10
30,26,2.68,10
30,27,2.76,10
30,28,2.84,10
30,29,2.92,10
30,30,3,10
30,31,3.08,10
30,32,3.16,10
30,33,3.24,10
30,34,3.32,10
30,35,3.4,10
30,36,3.48,10
30,37,3.56,10
30,38,3.64,10
30,39,3.72,10
30,40,3.8,10
30,41,3.88,10
30,42,3.96,10
30,43,4.04,10
30,44,4.12,10
30,45,4.2,10
30,46,4.28,10
30,47,4.36,10
30,48,4.44,10
30,49,4.52,10
30,50,4.6,10
30,51,4.68,10
30,52,4.76,10
30,53,4.84,10
30,54,4.92,10
30,55,5,10
30,56,5.08,10
30,57,5.16,10
30,58,5.24,10
30,59,5.32,10
30,60,5.4,10
31,1,0.7,10
31,2,0.78,10
31,3,0.86,10
31,4,0.94,10
31,5,1.02,10
31,6,1.1,10
31,7,1.18,10
31,8,1.26,10
31,9,1.34,10
31,10,1.42,10
31,11,1.5,10
31,12,1.58,10
31,13,1.66,10
31,14,1.74,10
31,15,1.82,10
31,16,1.9,10
31,17,1.98,10
31,18,2.06,10
31,19,2.14,10
31,20,2.22,10
31,21,2.3,10
31,22,2.38,10
31,23,2.46,10
31,24,2.54,10
31,25,2.62,10
31,26,2.7,10
31,27,2.78,10
31,28,2.86,10
31,29,2.94,10
31,30,3.02,10
31,31,3.1,10
31,32,3.18,10
31,33,3.26,10
31,34,3.34,10
31,35,3.42,10
31,36,3.5,10
31,37,3.58,10
31,38,3.66,10
31,39,3.74,10
31,40,3.82,10
31,41,3.9,10
31,42,3.98,10
31,43,4.06,10
31,44,4.14,10
31,45,4.22,10
31,46,4.3,10
31,47,4.38,10
31,48,4.46,10
31,49,4.54,10
31,50,4.62,10
31,51,4.7,10
31,52,4.78,10
31,53,4.86,10
31,54,4.94,10
31,55,5.02,10
31,56,5.1,10
31,57,5.18,10
31,58,5.26,10
31,59,5.34,10
31,60,5.42,10
32,1,0.72,10
32,2,0.8,10
32,3,0.88,10
32,4,0.96,10
32,5,1.04,10
32,6,1.12,10
32,7,1.2,10
32,8,1.28,10
32,9,1.36,10
32,10,1.44,10
32,11,1.52,10
32,12,1.6,10
32,13,1.68,10
32,14,1.76,10
32,15,1.84,10
32,16,1.92,10
32,17,2,10
32,18,2.08,10
32,19,2.16,10
32,20,2.24,10
32,21,2.32,10
32,22,2.4,10
32,23,2.48,10
32,24,2.56,10
32,25,2.64,10
32,26,2.72,10
32,27,2.8,10
32,28,2.88,10
32,29,2.96,10
32,30,3.04,10
32,31,3.12,10
32,32,3.2,10
32,33,3.28,10
32,34,3.36,10
32,35,3.44,10
32,36,3.52,10
32,37,3.6,10
32,38,3.68,10
32,39,3.76,10
32,40,3.84,10
32,41,3.92,10
32,42,4,10
32,43,4.08,10
32,44,4.16,10
32,45,4.24,10
32,46,4.32,10
32,47,4.4,10
32,48,4.48,10
32,49,4.56,10
32,50,4.64,10
32,51,4.72,10
32,52,4.8,10
32,53,4.88,10
32,54,4.96,10
32,55,5.04,10
32,56,5.12,10
32,57,5.2,10
32,58,5.28,10
32,59,5.36,10
32,60,5.44,10
33,1,0.74,10
33,2,0.82,10
33,3,0.9,10
33,4,0.98,10
33,5,1.06,10
33,6,1.14,10
33,7,1.22,10
33,8,1.3,10
33,9,1.38,10
33,10,1.46,10
33,11,1.54,10
33,12,1.62,10
33,13,1.7,10
33,14,1.78,10
33,15,1.86,10
33,16,1.94,10
33,17,2.02,10
33,18,2.1,10
33,19,2.18,10
33,20,2.26,10
33,21,2.34,10
33,22,2.42,10
33,23,2.5,10
33,24,2.58,10
33,25,2.66,10
33,26,2.74,10
33,27,2.82,10
33,28,2.9,10
33,29,2.98,10
33,30,3.06,10
33,31,3.14,10
33,32,3.22,10
33,33,3.3,10
33,34,3.38,10
33,35,3.46,10
33,36,3.54,10
33,37,3.62,10
33,38,3.7,10
33,39,3.78,10
33,40,3.86,10
33,41,3.94,10
33,42,4.02,10
33,43,4.1,10
33,44,4.18,10
33,45,4.26,10
33,46,4.34,10
33,47,4.42,10
33,48,4.5,10
33,49,4.58,10
33,50,4.66,10
33,51,4.74,10
33,52,4.82,10
33,53,4.9,10
33,54,4.98,10
33,55,5.06,10
33,56,5.14,10
33,57,5.22,10
33,58,5.3,10
33,59,5.38,10
33,60,5.46,10
34,1,0.76,10
34,2,0.84,10
34,3,0.92,10
34,4,1,10
34,5,1.08,10
34,6,1.16,10
34,7,1.24,10
34,8,1.32,10
34,9,1.4,10
34,10,1.48,10
34,11,1.56,10
34,12,1.64,10
34,13,1.72,10
34,14,1.8,10
34,15,1.88,10
34,16,1.96,10
34,17,2.04,10
34,18,2.12,10
34,19,2.2,10
34,20,2.28,10
34,21,2.36,10
34,22,2.44,10
34,23,2.52,10
34,24,2.6,10
34,25,2.68,10
34,26,2.76,10
34,27,2.84,10
34,28,2.92,10
34,29,3,10
34,30,3.08,10
34,31,3.16,10
34,32,3.24,10
34,33,3.32,10
34,34,3.4,10
34,35,3.48,10
34,36,3.56,10
34,37,3.64,10
34,38,3.72,10
34,39,3.8,10
34,40,3.88,10
34,41,3.96,10
34,42,4.04,10
34,43,4.12,10
34,44,4.2,10
34,45,4.28,10
34,46,4.36,10
34,47,4.44,10
34,48,4.52,10
34,49,4.6,10
34,50,4.68,10
34,51,4.76,10
34,52,4.84,10
34,53,4.92,10
34,54,5,10
34,55,5.08,10
34,56,5.16,10
34,57,5.24,10
34,58,5.32,10
34,59,5.4,10
34,60,5.48,10
35,1,0.78,10
35,2,0.86,10
35,3,0.94,10
35,4,1.02,10
35,5,1.1,10
35,6,1.18,10
35,7,1.26,10
35,8,1.34,10
35,9,1.42,10
35,10,1.5,10
35,11,1.58,10
35,12,1.66,10
35,13,1.74,10
35,14,1.82,10
35,15,1.9,10
35,16,1.98,10
35,17,2.06,10
35,18,2.14,10
35,19,2.22,10
35,20,2.3,10
35,21,2.38,10
35,22,2.46,10
35,23,2.54,10
35,24,2.62,10
35,25,2.7,10
35,26,2.78,10
35,27,2.86,10
35,28,2.94,10
35,29,3.02,10
35,30,3.1,10
35,31,3.18,10
35,32,3.26,10
35,33,3.34,10
35,34,3.42,10
35,35,3.5,10
35,36,3.58,10
35,37,3.66,10
35,38,3.74,10
35,39,3.82,10
35,40,3.9,10
35,41,3.98,10
35,42,4.06,10
35,43,4.14,10
35,44,4.22,10
35,45,4.3,10
35,46,4.38,10
35,47,4.46,10
35,48,4.54,10
35,49,4.62,10
35,50,4.7,10
35,51,4.78,10
35,52,4.86,10
35,53,4.94,10
35,54,5.02,10
35,55,5.1,10
35,56,5.18,10
35,57,5.26,10
35,58,5.34,10
35,59,5.42,10
35,60,5.5,10
36,1,0.8,10
36,2,0.88,10
36,3,0.96,10
36,4,1.04,10
36,5,1.12,10
36,6,1.2,10
36,7,1.28,10
36,8,1.36,10
36,9,1.44,10
36,10,1.52,10
36,11,1.6,10
36,12,1.68,10
36,13,1.76,10
36,14,1.84,10
36,15,1.92,10
36,16,2,10
36,17,2.08,10
36,18,2.16,10
36,19,2.24,10
36,20,2.32,10
36,21,2.4,10
36,22,2.48,10
36,23,2.56,10
36,24,2.64,10
36,25,2.72,10
36,26,2.8,10
36,27,2.88,10
36,28,2.96,10
36,29,3.04,10
36,30,3.12,10
36,31,3.2,10
36,32,3.28,10
36,33,3.36,10
36,34,3.44,10
36,35,3.52,10
36,36,3.6,10
36,37,3.68,10
36,38,3.76,10
36,39,3.84,10
36,40,3.92,10
36,41,4,10
36,42,4.08,10
36,43,4.16,10
36,44,4.24,10
36,45,4.32,10
36,46,4.4,10
36,47,4.48,10
36,48,4.56,10
36,49,4.64,10
36,50,4.72,10
36,51,4.8,10
36,52,4.88,10
36,53,4.96,10
36,54,5.04,10
36,55,5.12,10
36,56,5.2,10
36,57,5.28,10
36,58,5.36,10
36,59,5.44,10
36,60,5.52,10
37,1,0.82,10
37,2,0.9,10
37,3,0.98,10
37,4,1.06,10
37,5,1.14,10
37,6,1.22,10
37,7,1.3,10
37,8,1.38,10
37,9,1.46,10
37,10,1.54,10
37,11,1.62,10
37,12,1.7,10
37,13,1.78,10
37,14,1.86,10
37,15,1.94,10
37,16,2.02,10
37,17,2.1,10
37,18,2.18,10
37,19,2.26,10
37,20,2.34,10
37,21,2.42,10
37,22,2.5,10
37,23,2.58,10
37,24,2.66,10
37,25,2.74,10
37,26,2.82,10
37,27,2.9,10
37,28,2.98,10
37,29,3.06,10
37,30,3.14,10
37,31,3.22,10
37,32,3.3,10
37,33,3.38,10
37,34,3.46,10
37,35,3.54,10
37,36,3.62,10
37,37,3.7,10
37,38,3.78,10
37,39,3.86,10
37,40,3.94,10
37,41,4.02,10
37,42,4.1,10
37,43,4.18,10
37,44,4.26,10
37,45,4.34,10
37,46,4.42,10
37,47,4.5,10
37,48,4.58,10
37,49,4.66,10
37,50,4.74,10
37,51,4.82,10
37,52,4.9,10
37,53,4.98,10
37,54,5.06,10
37,55,5.14,10
37,56,5.22,10
37,57,5.3,10
37,58,5.38,10
37,59,5.46,10
37,60,5.54,10
38,1,0.84,10
38,2,0.92,10
38,3,1,10
38,4,1.08,10
38,5,1.16,10
38,6,1.24,10
38,7,1.32,10
38,8,1.4,10
38,9,1.48,10
38,10,1.56,10
38,11,1.64,10
38,12,1.72,10
38,13,1.8,10
38,14,1.88,10
38,15,1.96,10
38,16,2.04,10
38,17,2.12,10
38,18,2.2,10
38,19,2.28,10
38,20,2.36,10
38,21,2.44,10
38,22,2.52,10
38,23,2.6,10
38,24,2.68,10
38,25,2.76,10
38,26,2.84,10
38,27,2.92,10
38,28,3,10
38,29,3.08,10
38,30,3.16,10
38,31,3.24,10
38,32,3.32,10
38,33,3.4,10
38,34,3.48,10
38,35,3.56,10
38,36,3.64,10
38,37,3.72,10
38,38,3.8,10
38,39,3.88,10
38,40,3.96,10
38,41,4.04,10
38,42,4.12,10
38,43,4.2,10
38,44,4.28,10
38,45,4.36,10
38,46,4.44,10
38,47,4.52,10
38,48,4.6,10
38,49,4.68,10
38,50,4.76,10
38,51,4.84,10
38,52,4.92,10
38,53,5,10
38,54,5.08,10
38,55,5.16,10
38,56,5.24,10
38,57,5.32,10
38,58,5.4,10
38,59,5.48,10
38,60,5.56,10
39,1,0.86,10
39,2,0.94,10
39,3,1.02,10
39,4,1.1,10
39,5,1.18,10
39,6,1.26,10
39,7,1.34,10
39,8,1.42,10
39,9,1.5,10
39,10,1.58,10
39,11,1.66,10
39,12,1.74,10
39,13,1.82,10
39,14,1.9,10
39,15,1.98,10
39,16,2.06,10
39,17,2.14,10
39,18,2.22,10
39,19,2.3,10
39,20,2.38,10
39,21,2.46,10
39,22,2.54,10
39,23,2.62,10
39,24,2.7,10
39,25,2.78,10
39,26,2.86,10
39,27,2.94,10
39,28,3.02,10
39,29,3.1,10
39,30,3.18,10
39,31,3.26,10
39,32,3.34,10
39,33,3.42,10
39,34,3.5,10
39,35,3.58,10
39,36,3.66,10
39,37,3.74,10
39,38,3.82,10
39,39,3.9,10
39,40,3.98,10
39,41,4.06,10
39,42,4.14,10
39,43,4.22,10
39,44,4.3,10
39,45,4.38,10
39,46,4.46,10
39,47,4.54,10
39,48,4.62,10
39,49,4.7,10
39,50,4.78,10
39,51,4.86,10
39,52,4.94,10
39,53,5.02,10
39,54,5.1,10
39,55,5.18,10
39,56,5.26,10
39,57,5.34,10
39,58,5.42,10
39,59,5.5,10
39,60,5.58,10
40,1,0.88,10
40,2,0.96,10
40,3,1.04,10
40,4,1.12,10
40,5,1.2,10
40,6,1.28,10
40,7,1.36,10
40,8,1.44,10
40,9,1.52,10
40,10,1.6,10
40,11,1.68,10
40,12,1.76,10
40,13,1.84,10
40,14,1.92,10
40,15,2,10
40,16,2.08,10
40,17,2.16,10
40,18,2.24,10
40,19,2.32,10
40,20,2.4,10
40,21,2.48,10
40,22,2.56,10
40,23,2.64,10
40,24,2.72,10
40,25,2.8,10
40,26,2.88,10
40,27,2.96,10
40,28,3.04,10
40,29,3.12,10
40,30,3.2,10
40,31,3.28,10
40,32,3.36,10
40,33,3.44,10
40,34,3.52,10
40,35,3.6,10
40,36,3.68,10
40,37,3.76,10
40,38,3.84,10
40,39,3.92,10
40,40,4,10
40,41,4.08,10
40,42,4.16,10
40,43,4.24,10
40,44,4.32,10
40,45,4.4,10
40,46,4.48,10
40,47,4.56,10
40,48,4.64,10
40,49,4.72,10
40,50,4.8,10
40,51,4.88,10
40,52,4.96,10
40,53,5.04,10
40,54,5.12,10
40,55,5.2,10
40,56,5.28,10
40,57,5.36,10
40,58,5.44,10
40,59,5.52,10
40,60,5.6,10
41,1,0.9,10
41,2,0.98,10
41,3,1.06,10
41,4,1.14,10
41,5,1.22,10
41,6,1.3,10
41,7,1.38,10
41,8,1.46,10
41,9,1.54,10
41,10,1.62,10
41,11,1.7,10
41,12,1.78,10
41,13,1.86,10
41,14,1.94,10
41,15,2.02,10
41,16,2.1,10
41,17,2.18,10
41,18,2.26,10
41,19,2.34,10
41,20,2.42,10
41,21,2.5,10
41,22,2.58,10
41,23,2.66,10
41,24,2.74,10
41,25,2.82,10
41,26,2.9,10
41,27,2.98,10
41,28,3.06,10
41,29,3.14,10
41,30,3.22,10
41,31,3.3,10
41,32,3.38,10
41,33,3.46,10
41,34,3.54,10
41,35,3.62,10
41,36,3.7,10
41,37,3.78,10
41,38,3.86,10
41,39,3.94,10
41,40,4.02,10
41,41,4.1,10
41,42,4.18,10
41,43,4.26,10
41,44,4.34,10
41,45,4.42,10
41,46,4.5,10
41,47,4.58,10
41,48,4.66,10
41,49,4.74,10
41,50,4.82,10
41,51,4.9,10
41,52,4.98,10
41,53,5.06,10
41,54,5.14,10
41,55,5.22,10
41,56,5.3,10
41,57,5.38,10
41,58,5.46,10
41,59,5.54,10
41,60,5.62,10
